dataset,dataset_name,domain,freq,actual_freq,term,channel,cl_avg,cl_min,cl_max,windows_total,pl,target_dim,dataset_storage_name,load_status,load_error
bitbrains_fast_storage/5T/long,bitbrains_fast_storage,Web/CloudOps,5T,5T,long,0,7560.0,7200,7920,2500,720,2,bitbrains_fast_storage/5T,ok,
bitbrains_fast_storage/5T/long,bitbrains_fast_storage,Web/CloudOps,5T,5T,long,1,7560.0,7200,7920,2500,720,2,bitbrains_fast_storage/5T,ok,
bitbrains_fast_storage/5T/medium,bitbrains_fast_storage,Web/CloudOps,5T,5T,medium,0,7920.0,7680,8160,2500,480,2,bitbrains_fast_storage/5T,ok,
bitbrains_fast_storage/5T/medium,bitbrains_fast_storage,Web/CloudOps,5T,5T,medium,1,7920.0,7680,8160,2500,480,2,bitbrains_fast_storage/5T,ok,
bitbrains_fast_storage/5T/short,bitbrains_fast_storage,Web/CloudOps,5T,5T,short,0,8184.0,7776,8592,22500,48,2,bitbrains_fast_storage/5T,ok,
bitbrains_fast_storage/5T/short,bitbrains_fast_storage,Web/CloudOps,5T,5T,short,1,8184.0,7776,8592,22500,48,2,bitbrains_fast_storage/5T,ok,
bitbrains_fast_storage/H/short,bitbrains_fast_storage,Web/CloudOps,H,H,short,0,649.0,625,673,2500,48,2,bitbrains_fast_storage/H,ok,
bitbrains_fast_storage/H/short,bitbrains_fast_storage,Web/CloudOps,H,H,short,1,649.0,625,673,2500,48,2,bitbrains_fast_storage/H,ok,
bitbrains_rnd/5T/long,bitbrains_rnd,Web/CloudOps,5T,5T,long,0,7560.0,7200,7920,1000,720,2,bitbrains_rnd/5T,ok,
bitbrains_rnd/5T/long,bitbrains_rnd,Web/CloudOps,5T,5T,long,1,7560.0,7200,7920,1000,720,2,bitbrains_rnd/5T,ok,
bitbrains_rnd/5T/medium,bitbrains_rnd,Web/CloudOps,5T,5T,medium,0,7920.0,7680,8160,1000,480,2,bitbrains_rnd/5T,ok,
bitbrains_rnd/5T/medium,bitbrains_rnd,Web/CloudOps,5T,5T,medium,1,7920.0,7680,8160,1000,480,2,bitbrains_rnd/5T,ok,
bitbrains_rnd/5T/short,bitbrains_rnd,Web/CloudOps,5T,5T,short,0,8184.0,7776,8592,9000,48,2,bitbrains_rnd/5T,ok,
bitbrains_rnd/5T/short,bitbrains_rnd,Web/CloudOps,5T,5T,short,1,8184.0,7776,8592,9000,48,2,bitbrains_rnd/5T,ok,
bitbrains_rnd/H/short,bitbrains_rnd,Web/CloudOps,H,H,short,0,648.0,624,672,1000,48,2,bitbrains_rnd/H,ok,
bitbrains_rnd/H/short,bitbrains_rnd,Web/CloudOps,H,H,short,1,648.0,624,672,1000,48,2,bitbrains_rnd/H,ok,
bizitobs_application/10S/long,bizitobs_application,Web/CloudOps,10S,10S,long,0,7934.0,7934,7934,1,900,2,bizitobs_application,ok,
bizitobs_application/10S/long,bizitobs_application,Web/CloudOps,10S,10S,long,1,7934.0,7934,7934,1,900,2,bizitobs_application,ok,
bizitobs_application/10S/medium,bizitobs_application,Web/CloudOps,10S,10S,medium,0,7934.0,7634,8234,2,600,2,bizitobs_application,ok,
bizitobs_application/10S/medium,bizitobs_application,Web/CloudOps,10S,10S,medium,1,7934.0,7634,8234,2,600,2,bizitobs_application,ok,
bizitobs_application/10S/short,bizitobs_application,Web/CloudOps,10S,10S,short,0,8354.0,7934,8774,15,60,2,bizitobs_application,ok,
bizitobs_application/10S/short,bizitobs_application,Web/CloudOps,10S,10S,short,1,8354.0,7934,8774,15,60,2,bizitobs_application,ok,
bizitobs_l2c/5T/long,bizitobs_l2c,Web/CloudOps,5T,5T,long,0,29808.0,28368,31248,5,720,7,bizitobs_l2c/5T,ok,
bizitobs_l2c/5T/long,bizitobs_l2c,Web/CloudOps,5T,5T,long,1,29808.0,28368,31248,5,720,7,bizitobs_l2c/5T,ok,
bizitobs_l2c/5T/long,bizitobs_l2c,Web/CloudOps,5T,5T,long,2,29808.0,28368,31248,5,720,7,bizitobs_l2c/5T,ok,
bizitobs_l2c/5T/long,bizitobs_l2c,Web/CloudOps,5T,5T,long,3,29808.0,28368,31248,5,720,7,bizitobs_l2c/5T,ok,
bizitobs_l2c/5T/long,bizitobs_l2c,Web/CloudOps,5T,5T,long,4,29808.0,28368,31248,5,720,7,bizitobs_l2c/5T,ok,
bizitobs_l2c/5T/long,bizitobs_l2c,Web/CloudOps,5T,5T,long,5,29808.0,28368,31248,5,720,7,bizitobs_l2c/5T,ok,
bizitobs_l2c/5T/long,bizitobs_l2c,Web/CloudOps,5T,5T,long,6,29808.0,28368,31248,5,720,7,bizitobs_l2c/5T,ok,
bizitobs_l2c/5T/medium,bizitobs_l2c,Web/CloudOps,5T,5T,medium,0,30048.0,28608,31488,7,480,7,bizitobs_l2c/5T,ok,
bizitobs_l2c/5T/medium,bizitobs_l2c,Web/CloudOps,5T,5T,medium,1,30048.0,28608,31488,7,480,7,bizitobs_l2c/5T,ok,
bizitobs_l2c/5T/medium,bizitobs_l2c,Web/CloudOps,5T,5T,medium,2,30048.0,28608,31488,7,480,7,bizitobs_l2c/5T,ok,
bizitobs_l2c/5T/medium,bizitobs_l2c,Web/CloudOps,5T,5T,medium,3,30048.0,28608,31488,7,480,7,bizitobs_l2c/5T,ok,
bizitobs_l2c/5T/medium,bizitobs_l2c,Web/CloudOps,5T,5T,medium,4,30048.0,28608,31488,7,480,7,bizitobs_l2c/5T,ok,
bizitobs_l2c/5T/medium,bizitobs_l2c,Web/CloudOps,5T,5T,medium,5,30048.0,28608,31488,7,480,7,bizitobs_l2c/5T,ok,
bizitobs_l2c/5T/medium,bizitobs_l2c,Web/CloudOps,5T,5T,medium,6,30048.0,28608,31488,7,480,7,bizitobs_l2c/5T,ok,
bizitobs_l2c/5T/short,bizitobs_l2c,Web/CloudOps,5T,5T,short,0,31464.0,31008,31920,20,48,7,bizitobs_l2c/5T,ok,
bizitobs_l2c/5T/short,bizitobs_l2c,Web/CloudOps,5T,5T,short,1,31464.0,31008,31920,20,48,7,bizitobs_l2c/5T,ok,
bizitobs_l2c/5T/short,bizitobs_l2c,Web/CloudOps,5T,5T,short,2,31464.0,31008,31920,20,48,7,bizitobs_l2c/5T,ok,
bizitobs_l2c/5T/short,bizitobs_l2c,Web/CloudOps,5T,5T,short,3,31464.0,31008,31920,20,48,7,bizitobs_l2c/5T,ok,
bizitobs_l2c/5T/short,bizitobs_l2c,Web/CloudOps,5T,5T,short,4,31464.0,31008,31920,20,48,7,bizitobs_l2c/5T,ok,
bizitobs_l2c/5T/short,bizitobs_l2c,Web/CloudOps,5T,5T,short,5,31464.0,31008,31920,20,48,7,bizitobs_l2c/5T,ok,
bizitobs_l2c/5T/short,bizitobs_l2c,Web/CloudOps,5T,5T,short,6,31464.0,31008,31920,20,48,7,bizitobs_l2c/5T,ok,
bizitobs_l2c/H/long,bizitobs_l2c,Web/CloudOps,H,H,long,0,1944.0,1944,1944,1,720,7,bizitobs_l2c/H,ok,
bizitobs_l2c/H/long,bizitobs_l2c,Web/CloudOps,H,H,long,1,1944.0,1944,1944,1,720,7,bizitobs_l2c/H,ok,
bizitobs_l2c/H/long,bizitobs_l2c,Web/CloudOps,H,H,long,2,1944.0,1944,1944,1,720,7,bizitobs_l2c/H,ok,
bizitobs_l2c/H/long,bizitobs_l2c,Web/CloudOps,H,H,long,3,1944.0,1944,1944,1,720,7,bizitobs_l2c/H,ok,
bizitobs_l2c/H/long,bizitobs_l2c,Web/CloudOps,H,H,long,4,1944.0,1944,1944,1,720,7,bizitobs_l2c/H,ok,
bizitobs_l2c/H/long,bizitobs_l2c,Web/CloudOps,H,H,long,5,1944.0,1944,1944,1,720,7,bizitobs_l2c/H,ok,
bizitobs_l2c/H/long,bizitobs_l2c,Web/CloudOps,H,H,long,6,1944.0,1944,1944,1,720,7,bizitobs_l2c/H,ok,
bizitobs_l2c/H/medium,bizitobs_l2c,Web/CloudOps,H,H,medium,0,2184.0,2184,2184,1,480,7,bizitobs_l2c/H,ok,
bizitobs_l2c/H/medium,bizitobs_l2c,Web/CloudOps,H,H,medium,1,2184.0,2184,2184,1,480,7,bizitobs_l2c/H,ok,
bizitobs_l2c/H/medium,bizitobs_l2c,Web/CloudOps,H,H,medium,2,2184.0,2184,2184,1,480,7,bizitobs_l2c/H,ok,
bizitobs_l2c/H/medium,bizitobs_l2c,Web/CloudOps,H,H,medium,3,2184.0,2184,2184,1,480,7,bizitobs_l2c/H,ok,
bizitobs_l2c/H/medium,bizitobs_l2c,Web/CloudOps,H,H,medium,4,2184.0,2184,2184,1,480,7,bizitobs_l2c/H,ok,
bizitobs_l2c/H/medium,bizitobs_l2c,Web/CloudOps,H,H,medium,5,2184.0,2184,2184,1,480,7,bizitobs_l2c/H,ok,
bizitobs_l2c/H/medium,bizitobs_l2c,Web/CloudOps,H,H,medium,6,2184.0,2184,2184,1,480,7,bizitobs_l2c/H,ok,
bizitobs_l2c/H/short,bizitobs_l2c,Web/CloudOps,H,H,short,0,2496.0,2376,2616,6,48,7,bizitobs_l2c/H,ok,
bizitobs_l2c/H/short,bizitobs_l2c,Web/CloudOps,H,H,short,1,2496.0,2376,2616,6,48,7,bizitobs_l2c/H,ok,
bizitobs_l2c/H/short,bizitobs_l2c,Web/CloudOps,H,H,short,2,2496.0,2376,2616,6,48,7,bizitobs_l2c/H,ok,
bizitobs_l2c/H/short,bizitobs_l2c,Web/CloudOps,H,H,short,3,2496.0,2376,2616,6,48,7,bizitobs_l2c/H,ok,
bizitobs_l2c/H/short,bizitobs_l2c,Web/CloudOps,H,H,short,4,2496.0,2376,2616,6,48,7,bizitobs_l2c/H,ok,
bizitobs_l2c/H/short,bizitobs_l2c,Web/CloudOps,H,H,short,5,2496.0,2376,2616,6,48,7,bizitobs_l2c/H,ok,
bizitobs_l2c/H/short,bizitobs_l2c,Web/CloudOps,H,H,short,6,2496.0,2376,2616,6,48,7,bizitobs_l2c/H,ok,
bizitobs_service/10S/long,bizitobs_service,Web/CloudOps,10S,10S,long,0,7935.0,7935,7935,21,900,2,bizitobs_service,ok,
bizitobs_service/10S/long,bizitobs_service,Web/CloudOps,10S,10S,long,1,7935.0,7935,7935,21,900,2,bizitobs_service,ok,
bizitobs_service/10S/medium,bizitobs_service,Web/CloudOps,10S,10S,medium,0,7935.0,7635,8235,42,600,2,bizitobs_service,ok,
bizitobs_service/10S/medium,bizitobs_service,Web/CloudOps,10S,10S,medium,1,7935.0,7635,8235,42,600,2,bizitobs_service,ok,
bizitobs_service/10S/short,bizitobs_service,Web/CloudOps,10S,10S,short,0,8355.0,7935,8775,315,60,2,bizitobs_service,ok,
bizitobs_service/10S/short,bizitobs_service,Web/CloudOps,10S,10S,short,1,8355.0,7935,8775,315,60,2,bizitobs_service,ok,
car_parts/M/short,car_parts,Sales,M,M,short,0,39.0,39,39,2674,12,1,car_parts_with_missing,ok,
covid_deaths/D/short,covid_deaths,Healthcare,D,D,short,0,182.0,182,182,266,30,1,covid_deaths,ok,
electricity/15T/long,electricity,Energy,15T,15T,long,0,132696.0,125856,139536,7400,720,1,electricity/15T,ok,
electricity/15T/medium,electricity,Energy,15T,15T,medium,0,135216.0,130656,139776,7400,480,1,electricity/15T,ok,
electricity/15T/short,electricity,Energy,15T,15T,short,0,139752.0,139296,140208,7400,48,1,electricity/15T,ok,
electricity/D/short,electricity,Energy,D,D,short,0,1371.0,1311,1431,1850,30,1,electricity/D,ok,
electricity/H/long,electricity,Energy,H,H,long,0,32904.0,31464,34344,1850,720,1,electricity/H,ok,
electricity/H/medium,electricity,Energy,H,H,medium,0,32904.0,31224,34584,2960,480,1,electricity/H,ok,
electricity/H/short,electricity,Energy,H,H,short,0,34560.0,34104,35016,7400,48,1,electricity/H,ok,
electricity/W/short,electricity,Energy,W,W-FRI,short,0,192.0,184,200,1110,8,1,electricity/W,ok,
ett1/15T/long,ett1,Energy,15T,15T,long,0,65720.0,62480,68960,10,720,7,ett1/15T,ok,
ett1/15T/long,ett1,Energy,15T,15T,long,1,65720.0,62480,68960,10,720,7,ett1/15T,ok,
ett1/15T/long,ett1,Energy,15T,15T,long,2,65720.0,62480,68960,10,720,7,ett1/15T,ok,
ett1/15T/long,ett1,Energy,15T,15T,long,3,65720.0,62480,68960,10,720,7,ett1/15T,ok,
ett1/15T/long,ett1,Energy,15T,15T,long,4,65720.0,62480,68960,10,720,7,ett1/15T,ok,
ett1/15T/long,ett1,Energy,15T,15T,long,5,65720.0,62480,68960,10,720,7,ett1/15T,ok,
ett1/15T/long,ett1,Energy,15T,15T,long,6,65720.0,62480,68960,10,720,7,ett1/15T,ok,
ett1/15T/medium,ett1,Energy,15T,15T,medium,0,65840.0,62480,69200,15,480,7,ett1/15T,ok,
ett1/15T/medium,ett1,Energy,15T,15T,medium,1,65840.0,62480,69200,15,480,7,ett1/15T,ok,
ett1/15T/medium,ett1,Energy,15T,15T,medium,2,65840.0,62480,69200,15,480,7,ett1/15T,ok,
ett1/15T/medium,ett1,Energy,15T,15T,medium,3,65840.0,62480,69200,15,480,7,ett1/15T,ok,
ett1/15T/medium,ett1,Energy,15T,15T,medium,4,65840.0,62480,69200,15,480,7,ett1/15T,ok,
ett1/15T/medium,ett1,Energy,15T,15T,medium,5,65840.0,62480,69200,15,480,7,ett1/15T,ok,
ett1/15T/medium,ett1,Energy,15T,15T,medium,6,65840.0,62480,69200,15,480,7,ett1/15T,ok,
ett1/15T/short,ett1,Energy,15T,15T,short,0,69176.0,68720,69632,20,48,7,ett1/15T,ok,
ett1/15T/short,ett1,Energy,15T,15T,short,1,69176.0,68720,69632,20,48,7,ett1/15T,ok,
ett1/15T/short,ett1,Energy,15T,15T,short,2,69176.0,68720,69632,20,48,7,ett1/15T,ok,
ett1/15T/short,ett1,Energy,15T,15T,short,3,69176.0,68720,69632,20,48,7,ett1/15T,ok,
ett1/15T/short,ett1,Energy,15T,15T,short,4,69176.0,68720,69632,20,48,7,ett1/15T,ok,
ett1/15T/short,ett1,Energy,15T,15T,short,5,69176.0,68720,69632,20,48,7,ett1/15T,ok,
ett1/15T/short,ett1,Energy,15T,15T,short,6,69176.0,68720,69632,20,48,7,ett1/15T,ok,
ett1/D/short,ett1,Energy,D,D,short,0,665.0,635,695,3,30,7,ett1/D,ok,
ett1/D/short,ett1,Energy,D,D,short,1,665.0,635,695,3,30,7,ett1/D,ok,
ett1/D/short,ett1,Energy,D,D,short,2,665.0,635,695,3,30,7,ett1/D,ok,
ett1/D/short,ett1,Energy,D,D,short,3,665.0,635,695,3,30,7,ett1/D,ok,
ett1/D/short,ett1,Energy,D,D,short,4,665.0,635,695,3,30,7,ett1/D,ok,
ett1/D/short,ett1,Energy,D,D,short,5,665.0,635,695,3,30,7,ett1/D,ok,
ett1/D/short,ett1,Energy,D,D,short,6,665.0,635,695,3,30,7,ett1/D,ok,
ett1/H/long,ett1,Energy,H,H,long,0,15980.0,15260,16700,3,720,7,ett1/H,ok,
ett1/H/long,ett1,Energy,H,H,long,1,15980.0,15260,16700,3,720,7,ett1/H,ok,
ett1/H/long,ett1,Energy,H,H,long,2,15980.0,15260,16700,3,720,7,ett1/H,ok,
ett1/H/long,ett1,Energy,H,H,long,3,15980.0,15260,16700,3,720,7,ett1/H,ok,
ett1/H/long,ett1,Energy,H,H,long,4,15980.0,15260,16700,3,720,7,ett1/H,ok,
ett1/H/long,ett1,Energy,H,H,long,5,15980.0,15260,16700,3,720,7,ett1/H,ok,
ett1/H/long,ett1,Energy,H,H,long,6,15980.0,15260,16700,3,720,7,ett1/H,ok,
ett1/H/medium,ett1,Energy,H,H,medium,0,16220.0,15500,16940,4,480,7,ett1/H,ok,
ett1/H/medium,ett1,Energy,H,H,medium,1,16220.0,15500,16940,4,480,7,ett1/H,ok,
ett1/H/medium,ett1,Energy,H,H,medium,2,16220.0,15500,16940,4,480,7,ett1/H,ok,
ett1/H/medium,ett1,Energy,H,H,medium,3,16220.0,15500,16940,4,480,7,ett1/H,ok,
ett1/H/medium,ett1,Energy,H,H,medium,4,16220.0,15500,16940,4,480,7,ett1/H,ok,
ett1/H/medium,ett1,Energy,H,H,medium,5,16220.0,15500,16940,4,480,7,ett1/H,ok,
ett1/H/medium,ett1,Energy,H,H,medium,6,16220.0,15500,16940,4,480,7,ett1/H,ok,
ett1/H/short,ett1,Energy,H,H,short,0,16916.0,16460,17372,20,48,7,ett1/H,ok,
ett1/H/short,ett1,Energy,H,H,short,1,16916.0,16460,17372,20,48,7,ett1/H,ok,
ett1/H/short,ett1,Energy,H,H,short,2,16916.0,16460,17372,20,48,7,ett1/H,ok,
ett1/H/short,ett1,Energy,H,H,short,3,16916.0,16460,17372,20,48,7,ett1/H,ok,
ett1/H/short,ett1,Energy,H,H,short,4,16916.0,16460,17372,20,48,7,ett1/H,ok,
ett1/H/short,ett1,Energy,H,H,short,5,16916.0,16460,17372,20,48,7,ett1/H,ok,
ett1/H/short,ett1,Energy,H,H,short,6,16916.0,16460,17372,20,48,7,ett1/H,ok,
ett1/W/short,ett1,Energy,W,W-THU,short,0,91.0,87,95,2,8,7,ett1/W,ok,
ett1/W/short,ett1,Energy,W,W-THU,short,1,91.0,87,95,2,8,7,ett1/W,ok,
ett1/W/short,ett1,Energy,W,W-THU,short,2,91.0,87,95,2,8,7,ett1/W,ok,
ett1/W/short,ett1,Energy,W,W-THU,short,3,91.0,87,95,2,8,7,ett1/W,ok,
ett1/W/short,ett1,Energy,W,W-THU,short,4,91.0,87,95,2,8,7,ett1/W,ok,
ett1/W/short,ett1,Energy,W,W-THU,short,5,91.0,87,95,2,8,7,ett1/W,ok,
ett1/W/short,ett1,Energy,W,W-THU,short,6,91.0,87,95,2,8,7,ett1/W,ok,
ett2/15T/long,ett2,Energy,15T,15T,long,0,65720.0,62480,68960,10,720,7,ett2/15T,ok,
ett2/15T/long,ett2,Energy,15T,15T,long,1,65720.0,62480,68960,10,720,7,ett2/15T,ok,
ett2/15T/long,ett2,Energy,15T,15T,long,2,65720.0,62480,68960,10,720,7,ett2/15T,ok,
ett2/15T/long,ett2,Energy,15T,15T,long,3,65720.0,62480,68960,10,720,7,ett2/15T,ok,
ett2/15T/long,ett2,Energy,15T,15T,long,4,65720.0,62480,68960,10,720,7,ett2/15T,ok,
ett2/15T/long,ett2,Energy,15T,15T,long,5,65720.0,62480,68960,10,720,7,ett2/15T,ok,
ett2/15T/long,ett2,Energy,15T,15T,long,6,65720.0,62480,68960,10,720,7,ett2/15T,ok,
ett2/15T/medium,ett2,Energy,15T,15T,medium,0,65840.0,62480,69200,15,480,7,ett2/15T,ok,
ett2/15T/medium,ett2,Energy,15T,15T,medium,1,65840.0,62480,69200,15,480,7,ett2/15T,ok,
ett2/15T/medium,ett2,Energy,15T,15T,medium,2,65840.0,62480,69200,15,480,7,ett2/15T,ok,
ett2/15T/medium,ett2,Energy,15T,15T,medium,3,65840.0,62480,69200,15,480,7,ett2/15T,ok,
ett2/15T/medium,ett2,Energy,15T,15T,medium,4,65840.0,62480,69200,15,480,7,ett2/15T,ok,
ett2/15T/medium,ett2,Energy,15T,15T,medium,5,65840.0,62480,69200,15,480,7,ett2/15T,ok,
ett2/15T/medium,ett2,Energy,15T,15T,medium,6,65840.0,62480,69200,15,480,7,ett2/15T,ok,
ett2/15T/short,ett2,Energy,15T,15T,short,0,69176.0,68720,69632,20,48,7,ett2/15T,ok,
ett2/15T/short,ett2,Energy,15T,15T,short,1,69176.0,68720,69632,20,48,7,ett2/15T,ok,
ett2/15T/short,ett2,Energy,15T,15T,short,2,69176.0,68720,69632,20,48,7,ett2/15T,ok,
ett2/15T/short,ett2,Energy,15T,15T,short,3,69176.0,68720,69632,20,48,7,ett2/15T,ok,
ett2/15T/short,ett2,Energy,15T,15T,short,4,69176.0,68720,69632,20,48,7,ett2/15T,ok,
ett2/15T/short,ett2,Energy,15T,15T,short,5,69176.0,68720,69632,20,48,7,ett2/15T,ok,
ett2/15T/short,ett2,Energy,15T,15T,short,6,69176.0,68720,69632,20,48,7,ett2/15T,ok,
ett2/D/short,ett2,Energy,D,D,short,0,665.0,635,695,3,30,7,ett2/D,ok,
ett2/D/short,ett2,Energy,D,D,short,1,665.0,635,695,3,30,7,ett2/D,ok,
ett2/D/short,ett2,Energy,D,D,short,2,665.0,635,695,3,30,7,ett2/D,ok,
ett2/D/short,ett2,Energy,D,D,short,3,665.0,635,695,3,30,7,ett2/D,ok,
ett2/D/short,ett2,Energy,D,D,short,4,665.0,635,695,3,30,7,ett2/D,ok,
ett2/D/short,ett2,Energy,D,D,short,5,665.0,635,695,3,30,7,ett2/D,ok,
ett2/D/short,ett2,Energy,D,D,short,6,665.0,635,695,3,30,7,ett2/D,ok,
ett2/H/long,ett2,Energy,H,H,long,0,15980.0,15260,16700,3,720,7,ett2/H,ok,
ett2/H/long,ett2,Energy,H,H,long,1,15980.0,15260,16700,3,720,7,ett2/H,ok,
ett2/H/long,ett2,Energy,H,H,long,2,15980.0,15260,16700,3,720,7,ett2/H,ok,
ett2/H/long,ett2,Energy,H,H,long,3,15980.0,15260,16700,3,720,7,ett2/H,ok,
ett2/H/long,ett2,Energy,H,H,long,4,15980.0,15260,16700,3,720,7,ett2/H,ok,
ett2/H/long,ett2,Energy,H,H,long,5,15980.0,15260,16700,3,720,7,ett2/H,ok,
ett2/H/long,ett2,Energy,H,H,long,6,15980.0,15260,16700,3,720,7,ett2/H,ok,
ett2/H/medium,ett2,Energy,H,H,medium,0,16220.0,15500,16940,4,480,7,ett2/H,ok,
ett2/H/medium,ett2,Energy,H,H,medium,1,16220.0,15500,16940,4,480,7,ett2/H,ok,
ett2/H/medium,ett2,Energy,H,H,medium,2,16220.0,15500,16940,4,480,7,ett2/H,ok,
ett2/H/medium,ett2,Energy,H,H,medium,3,16220.0,15500,16940,4,480,7,ett2/H,ok,
ett2/H/medium,ett2,Energy,H,H,medium,4,16220.0,15500,16940,4,480,7,ett2/H,ok,
ett2/H/medium,ett2,Energy,H,H,medium,5,16220.0,15500,16940,4,480,7,ett2/H,ok,
ett2/H/medium,ett2,Energy,H,H,medium,6,16220.0,15500,16940,4,480,7,ett2/H,ok,
ett2/H/short,ett2,Energy,H,H,short,0,16916.0,16460,17372,20,48,7,ett2/H,ok,
ett2/H/short,ett2,Energy,H,H,short,1,16916.0,16460,17372,20,48,7,ett2/H,ok,
ett2/H/short,ett2,Energy,H,H,short,2,16916.0,16460,17372,20,48,7,ett2/H,ok,
ett2/H/short,ett2,Energy,H,H,short,3,16916.0,16460,17372,20,48,7,ett2/H,ok,
ett2/H/short,ett2,Energy,H,H,short,4,16916.0,16460,17372,20,48,7,ett2/H,ok,
ett2/H/short,ett2,Energy,H,H,short,5,16916.0,16460,17372,20,48,7,ett2/H,ok,
ett2/H/short,ett2,Energy,H,H,short,6,16916.0,16460,17372,20,48,7,ett2/H,ok,
ett2/W/short,ett2,Energy,W,W-THU,short,0,91.0,87,95,2,8,7,ett2/W,ok,
ett2/W/short,ett2,Energy,W,W-THU,short,1,91.0,87,95,2,8,7,ett2/W,ok,
ett2/W/short,ett2,Energy,W,W-THU,short,2,91.0,87,95,2,8,7,ett2/W,ok,
ett2/W/short,ett2,Energy,W,W-THU,short,3,91.0,87,95,2,8,7,ett2/W,ok,
ett2/W/short,ett2,Energy,W,W-THU,short,4,91.0,87,95,2,8,7,ett2/W,ok,
ett2/W/short,ett2,Energy,W,W-THU,short,5,91.0,87,95,2,8,7,ett2/W,ok,
ett2/W/short,ett2,Energy,W,W-THU,short,6,91.0,87,95,2,8,7,ett2/W,ok,
hierarchical_sales/D/short,hierarchical_sales,Sales,D,D,short,0,1705.0,1615,1795,826,30,1,hierarchical_sales/D,ok,
hierarchical_sales/W/short,hierarchical_sales,Sales,W,W-WED,short,0,240.0,228,252,472,8,1,hierarchical_sales/W,ok,
hospital/M/short,hospital,Healthcare,M,M,short,0,72.0,72,72,767,12,1,hospital,ok,
jena_weather/10T/long,jena_weather,Nature,10T,10T,long,0,49464.0,46944,51984,8,720,21,jena_weather/10T,ok,
jena_weather/10T/long,jena_weather,Nature,10T,10T,long,1,49464.0,46944,51984,8,720,21,jena_weather/10T,ok,
jena_weather/10T/long,jena_weather,Nature,10T,10T,long,2,49464.0,46944,51984,8,720,21,jena_weather/10T,ok,
jena_weather/10T/long,jena_weather,Nature,10T,10T,long,3,49464.0,46944,51984,8,720,21,jena_weather/10T,ok,
jena_weather/10T/long,jena_weather,Nature,10T,10T,long,4,49464.0,46944,51984,8,720,21,jena_weather/10T,ok,
jena_weather/10T/long,jena_weather,Nature,10T,10T,long,5,49464.0,46944,51984,8,720,21,jena_weather/10T,ok,
jena_weather/10T/long,jena_weather,Nature,10T,10T,long,6,49464.0,46944,51984,8,720,21,jena_weather/10T,ok,
jena_weather/10T/long,jena_weather,Nature,10T,10T,long,7,49464.0,46944,51984,8,720,21,jena_weather/10T,ok,
jena_weather/10T/long,jena_weather,Nature,10T,10T,long,8,49464.0,46944,51984,8,720,21,jena_weather/10T,ok,
jena_weather/10T/long,jena_weather,Nature,10T,10T,long,9,49464.0,46944,51984,8,720,21,jena_weather/10T,ok,
jena_weather/10T/long,jena_weather,Nature,10T,10T,long,10,49464.0,46944,51984,8,720,21,jena_weather/10T,ok,
jena_weather/10T/long,jena_weather,Nature,10T,10T,long,11,49464.0,46944,51984,8,720,21,jena_weather/10T,ok,
jena_weather/10T/long,jena_weather,Nature,10T,10T,long,12,49464.0,46944,51984,8,720,21,jena_weather/10T,ok,
jena_weather/10T/long,jena_weather,Nature,10T,10T,long,13,49464.0,46944,51984,8,720,21,jena_weather/10T,ok,
jena_weather/10T/long,jena_weather,Nature,10T,10T,long,14,49464.0,46944,51984,8,720,21,jena_weather/10T,ok,
jena_weather/10T/long,jena_weather,Nature,10T,10T,long,15,49464.0,46944,51984,8,720,21,jena_weather/10T,ok,
jena_weather/10T/long,jena_weather,Nature,10T,10T,long,16,49464.0,46944,51984,8,720,21,jena_weather/10T,ok,
jena_weather/10T/long,jena_weather,Nature,10T,10T,long,17,49464.0,46944,51984,8,720,21,jena_weather/10T,ok,
jena_weather/10T/long,jena_weather,Nature,10T,10T,long,18,49464.0,46944,51984,8,720,21,jena_weather/10T,ok,
jena_weather/10T/long,jena_weather,Nature,10T,10T,long,19,49464.0,46944,51984,8,720,21,jena_weather/10T,ok,
jena_weather/10T/long,jena_weather,Nature,10T,10T,long,20,49464.0,46944,51984,8,720,21,jena_weather/10T,ok,
jena_weather/10T/medium,jena_weather,Nature,10T,10T,medium,0,49824.0,47424,52224,11,480,21,jena_weather/10T,ok,
jena_weather/10T/medium,jena_weather,Nature,10T,10T,medium,1,49824.0,47424,52224,11,480,21,jena_weather/10T,ok,
jena_weather/10T/medium,jena_weather,Nature,10T,10T,medium,2,49824.0,47424,52224,11,480,21,jena_weather/10T,ok,
jena_weather/10T/medium,jena_weather,Nature,10T,10T,medium,3,49824.0,47424,52224,11,480,21,jena_weather/10T,ok,
jena_weather/10T/medium,jena_weather,Nature,10T,10T,medium,4,49824.0,47424,52224,11,480,21,jena_weather/10T,ok,
jena_weather/10T/medium,jena_weather,Nature,10T,10T,medium,5,49824.0,47424,52224,11,480,21,jena_weather/10T,ok,
jena_weather/10T/medium,jena_weather,Nature,10T,10T,medium,6,49824.0,47424,52224,11,480,21,jena_weather/10T,ok,
jena_weather/10T/medium,jena_weather,Nature,10T,10T,medium,7,49824.0,47424,52224,11,480,21,jena_weather/10T,ok,
jena_weather/10T/medium,jena_weather,Nature,10T,10T,medium,8,49824.0,47424,52224,11,480,21,jena_weather/10T,ok,
jena_weather/10T/medium,jena_weather,Nature,10T,10T,medium,9,49824.0,47424,52224,11,480,21,jena_weather/10T,ok,
jena_weather/10T/medium,jena_weather,Nature,10T,10T,medium,10,49824.0,47424,52224,11,480,21,jena_weather/10T,ok,
jena_weather/10T/medium,jena_weather,Nature,10T,10T,medium,11,49824.0,47424,52224,11,480,21,jena_weather/10T,ok,
jena_weather/10T/medium,jena_weather,Nature,10T,10T,medium,12,49824.0,47424,52224,11,480,21,jena_weather/10T,ok,
jena_weather/10T/medium,jena_weather,Nature,10T,10T,medium,13,49824.0,47424,52224,11,480,21,jena_weather/10T,ok,
jena_weather/10T/medium,jena_weather,Nature,10T,10T,medium,14,49824.0,47424,52224,11,480,21,jena_weather/10T,ok,
jena_weather/10T/medium,jena_weather,Nature,10T,10T,medium,15,49824.0,47424,52224,11,480,21,jena_weather/10T,ok,
jena_weather/10T/medium,jena_weather,Nature,10T,10T,medium,16,49824.0,47424,52224,11,480,21,jena_weather/10T,ok,
jena_weather/10T/medium,jena_weather,Nature,10T,10T,medium,17,49824.0,47424,52224,11,480,21,jena_weather/10T,ok,
jena_weather/10T/medium,jena_weather,Nature,10T,10T,medium,18,49824.0,47424,52224,11,480,21,jena_weather/10T,ok,
jena_weather/10T/medium,jena_weather,Nature,10T,10T,medium,19,49824.0,47424,52224,11,480,21,jena_weather/10T,ok,
jena_weather/10T/medium,jena_weather,Nature,10T,10T,medium,20,49824.0,47424,52224,11,480,21,jena_weather/10T,ok,
jena_weather/10T/short,jena_weather,Nature,10T,10T,short,0,52200.0,51744,52656,20,48,21,jena_weather/10T,ok,
jena_weather/10T/short,jena_weather,Nature,10T,10T,short,1,52200.0,51744,52656,20,48,21,jena_weather/10T,ok,
jena_weather/10T/short,jena_weather,Nature,10T,10T,short,2,52200.0,51744,52656,20,48,21,jena_weather/10T,ok,
jena_weather/10T/short,jena_weather,Nature,10T,10T,short,3,52200.0,51744,52656,20,48,21,jena_weather/10T,ok,
jena_weather/10T/short,jena_weather,Nature,10T,10T,short,4,52200.0,51744,52656,20,48,21,jena_weather/10T,ok,
jena_weather/10T/short,jena_weather,Nature,10T,10T,short,5,52200.0,51744,52656,20,48,21,jena_weather/10T,ok,
jena_weather/10T/short,jena_weather,Nature,10T,10T,short,6,52200.0,51744,52656,20,48,21,jena_weather/10T,ok,
jena_weather/10T/short,jena_weather,Nature,10T,10T,short,7,52200.0,51744,52656,20,48,21,jena_weather/10T,ok,
jena_weather/10T/short,jena_weather,Nature,10T,10T,short,8,52200.0,51744,52656,20,48,21,jena_weather/10T,ok,
jena_weather/10T/short,jena_weather,Nature,10T,10T,short,9,52200.0,51744,52656,20,48,21,jena_weather/10T,ok,
jena_weather/10T/short,jena_weather,Nature,10T,10T,short,10,52200.0,51744,52656,20,48,21,jena_weather/10T,ok,
jena_weather/10T/short,jena_weather,Nature,10T,10T,short,11,52200.0,51744,52656,20,48,21,jena_weather/10T,ok,
jena_weather/10T/short,jena_weather,Nature,10T,10T,short,12,52200.0,51744,52656,20,48,21,jena_weather/10T,ok,
jena_weather/10T/short,jena_weather,Nature,10T,10T,short,13,52200.0,51744,52656,20,48,21,jena_weather/10T,ok,
jena_weather/10T/short,jena_weather,Nature,10T,10T,short,14,52200.0,51744,52656,20,48,21,jena_weather/10T,ok,
jena_weather/10T/short,jena_weather,Nature,10T,10T,short,15,52200.0,51744,52656,20,48,21,jena_weather/10T,ok,
jena_weather/10T/short,jena_weather,Nature,10T,10T,short,16,52200.0,51744,52656,20,48,21,jena_weather/10T,ok,
jena_weather/10T/short,jena_weather,Nature,10T,10T,short,17,52200.0,51744,52656,20,48,21,jena_weather/10T,ok,
jena_weather/10T/short,jena_weather,Nature,10T,10T,short,18,52200.0,51744,52656,20,48,21,jena_weather/10T,ok,
jena_weather/10T/short,jena_weather,Nature,10T,10T,short,19,52200.0,51744,52656,20,48,21,jena_weather/10T,ok,
jena_weather/10T/short,jena_weather,Nature,10T,10T,short,20,52200.0,51744,52656,20,48,21,jena_weather/10T,ok,
jena_weather/D/short,jena_weather,Nature,D,D,short,0,321.0,306,336,2,30,21,jena_weather/D,ok,
jena_weather/D/short,jena_weather,Nature,D,D,short,1,321.0,306,336,2,30,21,jena_weather/D,ok,
jena_weather/D/short,jena_weather,Nature,D,D,short,2,321.0,306,336,2,30,21,jena_weather/D,ok,
jena_weather/D/short,jena_weather,Nature,D,D,short,3,321.0,306,336,2,30,21,jena_weather/D,ok,
jena_weather/D/short,jena_weather,Nature,D,D,short,4,321.0,306,336,2,30,21,jena_weather/D,ok,
jena_weather/D/short,jena_weather,Nature,D,D,short,5,321.0,306,336,2,30,21,jena_weather/D,ok,
jena_weather/D/short,jena_weather,Nature,D,D,short,6,321.0,306,336,2,30,21,jena_weather/D,ok,
jena_weather/D/short,jena_weather,Nature,D,D,short,7,321.0,306,336,2,30,21,jena_weather/D,ok,
jena_weather/D/short,jena_weather,Nature,D,D,short,8,321.0,306,336,2,30,21,jena_weather/D,ok,
jena_weather/D/short,jena_weather,Nature,D,D,short,9,321.0,306,336,2,30,21,jena_weather/D,ok,
jena_weather/D/short,jena_weather,Nature,D,D,short,10,321.0,306,336,2,30,21,jena_weather/D,ok,
jena_weather/D/short,jena_weather,Nature,D,D,short,11,321.0,306,336,2,30,21,jena_weather/D,ok,
jena_weather/D/short,jena_weather,Nature,D,D,short,12,321.0,306,336,2,30,21,jena_weather/D,ok,
jena_weather/D/short,jena_weather,Nature,D,D,short,13,321.0,306,336,2,30,21,jena_weather/D,ok,
jena_weather/D/short,jena_weather,Nature,D,D,short,14,321.0,306,336,2,30,21,jena_weather/D,ok,
jena_weather/D/short,jena_weather,Nature,D,D,short,15,321.0,306,336,2,30,21,jena_weather/D,ok,
jena_weather/D/short,jena_weather,Nature,D,D,short,16,321.0,306,336,2,30,21,jena_weather/D,ok,
jena_weather/D/short,jena_weather,Nature,D,D,short,17,321.0,306,336,2,30,21,jena_weather/D,ok,
jena_weather/D/short,jena_weather,Nature,D,D,short,18,321.0,306,336,2,30,21,jena_weather/D,ok,
jena_weather/D/short,jena_weather,Nature,D,D,short,19,321.0,306,336,2,30,21,jena_weather/D,ok,
jena_weather/D/short,jena_weather,Nature,D,D,short,20,321.0,306,336,2,30,21,jena_weather/D,ok,
jena_weather/H/long,jena_weather,Nature,H,H,long,0,7704.0,7344,8064,2,720,21,jena_weather/H,ok,
jena_weather/H/long,jena_weather,Nature,H,H,long,1,7704.0,7344,8064,2,720,21,jena_weather/H,ok,
jena_weather/H/long,jena_weather,Nature,H,H,long,2,7704.0,7344,8064,2,720,21,jena_weather/H,ok,
jena_weather/H/long,jena_weather,Nature,H,H,long,3,7704.0,7344,8064,2,720,21,jena_weather/H,ok,
jena_weather/H/long,jena_weather,Nature,H,H,long,4,7704.0,7344,8064,2,720,21,jena_weather/H,ok,
jena_weather/H/long,jena_weather,Nature,H,H,long,5,7704.0,7344,8064,2,720,21,jena_weather/H,ok,
jena_weather/H/long,jena_weather,Nature,H,H,long,6,7704.0,7344,8064,2,720,21,jena_weather/H,ok,
jena_weather/H/long,jena_weather,Nature,H,H,long,7,7704.0,7344,8064,2,720,21,jena_weather/H,ok,
jena_weather/H/long,jena_weather,Nature,H,H,long,8,7704.0,7344,8064,2,720,21,jena_weather/H,ok,
jena_weather/H/long,jena_weather,Nature,H,H,long,9,7704.0,7344,8064,2,720,21,jena_weather/H,ok,
jena_weather/H/long,jena_weather,Nature,H,H,long,10,7704.0,7344,8064,2,720,21,jena_weather/H,ok,
jena_weather/H/long,jena_weather,Nature,H,H,long,11,7704.0,7344,8064,2,720,21,jena_weather/H,ok,
jena_weather/H/long,jena_weather,Nature,H,H,long,12,7704.0,7344,8064,2,720,21,jena_weather/H,ok,
jena_weather/H/long,jena_weather,Nature,H,H,long,13,7704.0,7344,8064,2,720,21,jena_weather/H,ok,
jena_weather/H/long,jena_weather,Nature,H,H,long,14,7704.0,7344,8064,2,720,21,jena_weather/H,ok,
jena_weather/H/long,jena_weather,Nature,H,H,long,15,7704.0,7344,8064,2,720,21,jena_weather/H,ok,
jena_weather/H/long,jena_weather,Nature,H,H,long,16,7704.0,7344,8064,2,720,21,jena_weather/H,ok,
jena_weather/H/long,jena_weather,Nature,H,H,long,17,7704.0,7344,8064,2,720,21,jena_weather/H,ok,
jena_weather/H/long,jena_weather,Nature,H,H,long,18,7704.0,7344,8064,2,720,21,jena_weather/H,ok,
jena_weather/H/long,jena_weather,Nature,H,H,long,19,7704.0,7344,8064,2,720,21,jena_weather/H,ok,
jena_weather/H/long,jena_weather,Nature,H,H,long,20,7704.0,7344,8064,2,720,21,jena_weather/H,ok,
jena_weather/H/medium,jena_weather,Nature,H,H,medium,0,8064.0,7824,8304,2,480,21,jena_weather/H,ok,
jena_weather/H/medium,jena_weather,Nature,H,H,medium,1,8064.0,7824,8304,2,480,21,jena_weather/H,ok,
jena_weather/H/medium,jena_weather,Nature,H,H,medium,2,8064.0,7824,8304,2,480,21,jena_weather/H,ok,
jena_weather/H/medium,jena_weather,Nature,H,H,medium,3,8064.0,7824,8304,2,480,21,jena_weather/H,ok,
jena_weather/H/medium,jena_weather,Nature,H,H,medium,4,8064.0,7824,8304,2,480,21,jena_weather/H,ok,
jena_weather/H/medium,jena_weather,Nature,H,H,medium,5,8064.0,7824,8304,2,480,21,jena_weather/H,ok,
jena_weather/H/medium,jena_weather,Nature,H,H,medium,6,8064.0,7824,8304,2,480,21,jena_weather/H,ok,
jena_weather/H/medium,jena_weather,Nature,H,H,medium,7,8064.0,7824,8304,2,480,21,jena_weather/H,ok,
jena_weather/H/medium,jena_weather,Nature,H,H,medium,8,8064.0,7824,8304,2,480,21,jena_weather/H,ok,
jena_weather/H/medium,jena_weather,Nature,H,H,medium,9,8064.0,7824,8304,2,480,21,jena_weather/H,ok,
jena_weather/H/medium,jena_weather,Nature,H,H,medium,10,8064.0,7824,8304,2,480,21,jena_weather/H,ok,
jena_weather/H/medium,jena_weather,Nature,H,H,medium,11,8064.0,7824,8304,2,480,21,jena_weather/H,ok,
jena_weather/H/medium,jena_weather,Nature,H,H,medium,12,8064.0,7824,8304,2,480,21,jena_weather/H,ok,
jena_weather/H/medium,jena_weather,Nature,H,H,medium,13,8064.0,7824,8304,2,480,21,jena_weather/H,ok,
jena_weather/H/medium,jena_weather,Nature,H,H,medium,14,8064.0,7824,8304,2,480,21,jena_weather/H,ok,
jena_weather/H/medium,jena_weather,Nature,H,H,medium,15,8064.0,7824,8304,2,480,21,jena_weather/H,ok,
jena_weather/H/medium,jena_weather,Nature,H,H,medium,16,8064.0,7824,8304,2,480,21,jena_weather/H,ok,
jena_weather/H/medium,jena_weather,Nature,H,H,medium,17,8064.0,7824,8304,2,480,21,jena_weather/H,ok,
jena_weather/H/medium,jena_weather,Nature,H,H,medium,18,8064.0,7824,8304,2,480,21,jena_weather/H,ok,
jena_weather/H/medium,jena_weather,Nature,H,H,medium,19,8064.0,7824,8304,2,480,21,jena_weather/H,ok,
jena_weather/H/medium,jena_weather,Nature,H,H,medium,20,8064.0,7824,8304,2,480,21,jena_weather/H,ok,
jena_weather/H/short,jena_weather,Nature,H,H,short,0,8304.0,7872,8736,19,48,21,jena_weather/H,ok,
jena_weather/H/short,jena_weather,Nature,H,H,short,1,8304.0,7872,8736,19,48,21,jena_weather/H,ok,
jena_weather/H/short,jena_weather,Nature,H,H,short,2,8304.0,7872,8736,19,48,21,jena_weather/H,ok,
jena_weather/H/short,jena_weather,Nature,H,H,short,3,8304.0,7872,8736,19,48,21,jena_weather/H,ok,
jena_weather/H/short,jena_weather,Nature,H,H,short,4,8304.0,7872,8736,19,48,21,jena_weather/H,ok,
jena_weather/H/short,jena_weather,Nature,H,H,short,5,8304.0,7872,8736,19,48,21,jena_weather/H,ok,
jena_weather/H/short,jena_weather,Nature,H,H,short,6,8304.0,7872,8736,19,48,21,jena_weather/H,ok,
jena_weather/H/short,jena_weather,Nature,H,H,short,7,8304.0,7872,8736,19,48,21,jena_weather/H,ok,
jena_weather/H/short,jena_weather,Nature,H,H,short,8,8304.0,7872,8736,19,48,21,jena_weather/H,ok,
jena_weather/H/short,jena_weather,Nature,H,H,short,9,8304.0,7872,8736,19,48,21,jena_weather/H,ok,
jena_weather/H/short,jena_weather,Nature,H,H,short,10,8304.0,7872,8736,19,48,21,jena_weather/H,ok,
jena_weather/H/short,jena_weather,Nature,H,H,short,11,8304.0,7872,8736,19,48,21,jena_weather/H,ok,
jena_weather/H/short,jena_weather,Nature,H,H,short,12,8304.0,7872,8736,19,48,21,jena_weather/H,ok,
jena_weather/H/short,jena_weather,Nature,H,H,short,13,8304.0,7872,8736,19,48,21,jena_weather/H,ok,
jena_weather/H/short,jena_weather,Nature,H,H,short,14,8304.0,7872,8736,19,48,21,jena_weather/H,ok,
jena_weather/H/short,jena_weather,Nature,H,H,short,15,8304.0,7872,8736,19,48,21,jena_weather/H,ok,
jena_weather/H/short,jena_weather,Nature,H,H,short,16,8304.0,7872,8736,19,48,21,jena_weather/H,ok,
jena_weather/H/short,jena_weather,Nature,H,H,short,17,8304.0,7872,8736,19,48,21,jena_weather/H,ok,
jena_weather/H/short,jena_weather,Nature,H,H,short,18,8304.0,7872,8736,19,48,21,jena_weather/H,ok,
jena_weather/H/short,jena_weather,Nature,H,H,short,19,8304.0,7872,8736,19,48,21,jena_weather/H,ok,
jena_weather/H/short,jena_weather,Nature,H,H,short,20,8304.0,7872,8736,19,48,21,jena_weather/H,ok,
kdd_cup_2018/D/short,kdd_cup_2018,Nature,D,D,short,0,409.7814814814815,336,425,540,30,1,kdd_cup_2018_with_missing/D,ok,
kdd_cup_2018/H/long,kdd_cup_2018,Nature,H,H,long,0,9817.644444444444,8064,10200,540,720,1,kdd_cup_2018_with_missing/H,ok,
kdd_cup_2018/H/medium,kdd_cup_2018,Nature,H,H,medium,0,10177.644444444444,8544,10440,540,480,1,kdd_cup_2018_with_missing/H,ok,
kdd_cup_2018/H/short,kdd_cup_2018,Nature,H,H,short,0,10393.644444444444,8544,10872,5400,48,1,kdd_cup_2018_with_missing/H,ok,
loop_seattle/5T/long,loop_seattle,Transport,5T,5T,long,0,99360.0,94320,104400,4845,720,1,LOOP_SEATTLE/5T,ok,
loop_seattle/5T/medium,loop_seattle,Transport,5T,5T,medium,0,100080.0,95520,104640,6460,480,1,LOOP_SEATTLE/5T,ok,
loop_seattle/5T/short,loop_seattle,Transport,5T,5T,short,0,104616.0,104160,105072,6460,48,1,LOOP_SEATTLE/5T,ok,
loop_seattle/D/short,loop_seattle,Transport,D,D,short,0,320.0,305,335,646,30,1,LOOP_SEATTLE/D,ok,
loop_seattle/H/long,loop_seattle,Transport,H,H,long,0,7680.0,7320,8040,646,720,1,LOOP_SEATTLE/H,ok,
loop_seattle/H/medium,loop_seattle,Transport,H,H,medium,0,8040.0,7800,8280,646,480,1,LOOP_SEATTLE/H,ok,
loop_seattle/H/short,loop_seattle,Transport,H,H,short,0,8280.0,7848,8712,6137,48,1,LOOP_SEATTLE/H,ok,
m4_daily/D/short,m4_daily,Econ/Fin,D,D,short,0,2357.38301395789,93,9919,4227,14,1,m4_daily,ok,
m4_hourly/H/short,m4_hourly,Econ/Fin,H,H,short,0,853.864734299517,700,960,414,48,1,m4_hourly,ok,
m4_monthly/M/short,m4_monthly,Econ/Fin,M,M,short,0,216.30022916666667,42,2794,48000,18,1,m4_monthly,ok,
m4_quarterly/Q/short,m4_quarterly,Econ/Fin,Q,Q-DEC,short,0,92.2545,16,866,24000,8,1,m4_quarterly,ok,
m4_weekly/W/short,m4_weekly,Econ/Fin,W,W-SUN,short,0,1022.0389972144847,80,2597,359,13,1,m4_weekly,ok,
m4_yearly/A/short,m4_yearly,Econ/Fin,A,A-DEC,short,0,30.7854531209193,13,278,22974,6,1,m4_yearly,ok,
m_dense/D/short,m_dense,Transport,D,D,short,0,670.0,640,700,90,30,1,M_DENSE/D,ok,
m_dense/H/long,m_dense,Transport,H,H,long,0,16080.0,15360,16800,90,720,1,M_DENSE/H,ok,
m_dense/H/medium,m_dense,Transport,H,H,medium,0,16320.0,15600,17040,120,480,1,M_DENSE/H,ok,
m_dense/H/short,m_dense,Transport,H,H,short,0,17016.0,16560,17472,600,48,1,M_DENSE/H,ok,
restaurant/D/short,restaurant,Sales,D,D,short,0,328.4919454770756,37,448,807,30,1,restaurant,ok,
saugeen/D/short,saugeen,Nature,D,D,short,0,23426.0,23141,23711,20,30,1,saugeenday/D,ok,
saugeen/M/short,saugeen,Nature,M,M,short,0,732.0,696,768,7,12,1,saugeenday/M,ok,
saugeen/W/short,saugeen,Nature,W,W-THU,short,0,3307.0,3231,3383,20,8,1,saugeenday/W,ok,
solar/10T/long,solar,Energy,10T,10T,long,0,49320.0,46800,51840,1096,720,1,solar/10T,ok,
solar/10T/medium,solar,Energy,10T,10T,medium,0,49680.0,47280,52080,1507,480,1,solar/10T,ok,
solar/10T/short,solar,Energy,10T,10T,short,0,52056.0,51600,52512,2740,48,1,solar/10T,ok,
solar/D/short,solar,Energy,D,D,short,0,320.0,305,335,274,30,1,solar/D,ok,
solar/H/long,solar,Energy,H,H,long,0,7680.0,7320,8040,274,720,1,solar/H,ok,
solar/H/medium,solar,Energy,H,H,medium,0,8040.0,7800,8280,274,480,1,solar/H,ok,
solar/H/short,solar,Energy,H,H,short,0,8280.0,7848,8712,2603,48,1,solar/H,ok,
solar/W/short,solar,Energy,W,W-FRI,short,0,44.0,44,44,137,8,1,solar/W,ok,
sz_taxi/15T/long,sz_taxi,Transport,15T,15T,long,0,2256.0,2256,2256,156,720,1,SZ_TAXI/15T,ok,
sz_taxi/15T/medium,sz_taxi,Transport,15T,15T,medium,0,2496.0,2496,2496,156,480,1,SZ_TAXI/15T,ok,
sz_taxi/15T/short,sz_taxi,Transport,15T,15T,short,0,2784.0,2640,2928,1092,48,1,SZ_TAXI/15T,ok,
sz_taxi/H/short,sz_taxi,Transport,H,H,short,0,672.0,648,696,312,48,1,SZ_TAXI/H,ok,
temperature_rain/D/short,temperature_rain,Nature,D,D,short,0,665.0,635,695,96216,30,1,temperature_rain_with_missing,ok,
us_births/D/short,us_births,Healthcare,D,D,short,0,6990.0,6705,7275,20,30,1,us_births/D,ok,
us_births/M/short,us_births,Healthcare,M,M,short,0,222.0,216,228,2,12,1,us_births/M,ok,
us_births/W/short,us_births,Healthcare,W,W-TUE,short,0,983.0,931,1035,14,8,1,us_births/W,ok,
